"id","africa","oceania","europe"
"all",0.3804037394495,0.399756836873307,0.36030417733356
"differentiation",0.300423321858201,0.267020142809166,0.31829617946737
"dynamics",0.346293257996401,0.33771918366651,0.351178692980342
"ornamentation",0.330342685360223,0.328957657037721,0.286503867110629
"rhythm",0.339527821957599,0.313623015737979,0.317705695450009
"tension",0.325359721180059,0.351490044011621,0.331622899713446
