"id","africa","oceania","europe"
"differentiation",0.257115739718224,0.300875260770452,0.316967824627719
"dynamics",0.339896757706881,0.361591167706571,0.374151536854655
"ornamentation",0.350526262648364,0.380010545670683,0.36225800625638
"rhythm",0.339596345025598,0.347063370304575,0.312331856208253
"tension",0.350931006884656,0.403931916502901,0.364392185220206
